Num nodes,q_e,sigma_e,Starting signal,Num observations,smoothness of org,pers of org,smoothness of learned,pers of learned,alpha,beta,gamma1,gamma2,precision,recall,SHD,f1 score,f1 standard devitation
20,2,0.05,10,3,6.600169412261047,0.9933455287041433,7.121073514613195,0.9766766518721671,1.2,0.05,10,0.5,0.8055140935773341,0.9423726786942478,13.9,0.8644555346315137,0.04137358031368503
20,2,0.05,10,10,8.52997868106558,3.572717429218266,8.83718519178824,3.5848455080634896,1.0,0.05,10,0.5,0.8285485242851718,0.919120635368097,14.12,0.866137076769967,0.045164960894063765
20,2,0.05,10,20,8.905463063049623,7.369613746269671,9.177027974944421,7.3964498877739455,1.2,0.05,10,0.5,0.8147759405056624,0.9241559915445045,14.32,0.8633104984512044,0.03936393769487771
20,2,0.05,10,40,9.292961465046417,14.694848504395068,9.653164696677033,14.618172382691071,0.6,0.1,10,0.5,0.7566463838530153,0.9307103152003394,18.56,0.8301013482820813,0.04573866659110328
20,2,0.05,10,60,9.511374606168692,22.077038922481247,9.963310760386614,21.770652394630655,0.8,0.1,10,0.5,0.7102863439084559,0.9458618066825554,22.9,0.8062685462762392,0.05541259089395113
20,2,0.05,10,80,9.391481137768189,29.7790900637752,9.534080171901673,30.415759036590075,1.2,0.05,10,0.5,0.7309316403616054,0.8810453128926025,21.88,0.7947667324372722,0.0430114281192432
20,2,0.05,10,100,9.477071989309707,36.815903209650735,9.882156107508855,36.573720887654936,0.2,0.35,10,0.5,0.6808490183365893,0.9381286801856686,25.6,0.7821481456118505,0.0572886333022713
20,2,0.05,10,120,9.48093629459087,44.596240347848905,9.976561178197517,43.886985915037094,0.2,0.4,10,0.5,0.6393902223768335,0.9554983327992653,27.92,0.7619422801700483,0.04304613265231603
20,2,0.05,10,140,9.66210952016437,51.145122321987294,9.527573958991178,54.56414469995256,1,0.05,10,0.5,0.725054135517625,0.8337679504858854,24.14,0.7694360626116992,0.05507311939039911
