Num nodes,q_e,sigma_e,Starting signal,Num observations,smoothness of org,pers of org,smoothness of learned,pers of learned,alpha,beta,gamma1,gamma2,precision,recall,SHDf1 score,f1 standard devitation
10,2,0.05,10,3,101.80174210632603,0.9889620478166783,158.16962467325942,0.9539948719395549,0.2,0.4,11,0.4,0.7269194936360907,0.9788572860359307,6.4,0.8283535553221129,0.06957973994060201
15,2,0.05,10,3,173.61428628208236,1.0402839864216815,268.81290881793035,0.9584391639118072,0.2,0.2,11,0.4,0.7331627595264253,0.9700899771807127,10.6,0.8308181961861233,0.0529357850957423
20,2,0.05,10,3,345.63508966498375,1.0111682942691667,464.47632315433054,0.9727377707891723,0.2,0.45,11,0.6,0.7837976150186141,0.963743009434154,15.66,0.8604582609200314,0.047983168107795286
25,2,0.05,10,3,513.3917311112771,1.035243055753008,722.5876438580112,0.9685110372575629,1.0,0.05,10,0.4,0.7777301136419404,0.9729752220288327,22.86,0.8590745553046646,0.06825607244608274
30,2,0.05,10,3,607.1571390287259,1.0173637985317057,1041.7960816600216,0.9059040844170625,0.2,0.2,9,0.4,0.7123542345988126,0.9902480760067194,37.96,0.8226616749610686,0.0784825896631884
35,2,0.05,10,3,693.0754090949648,0.9934600523820434,1476.8428037315402,0.8115809802817958,0.2,0.15,11,0.4,0.6397974894538812,0.9941950014437207,63.36,0.7721733153627847,0.08022508796274734
40,2,0.05,10,3,977.8229989670831,1.015411011793918,1688.6850093358628,0.8891235288914028,0.2,0.15,10,0.4,0.7114422614152797,0.9857379503270625,62.56,0.8175032696316882,0.08951384967852775
45,2,0.05,10,3,1013.0283658370194,1.0103847267035453,2149.7769705848555,0.834795291174825,0.2,0.15,10,0.4,0.648741505814256,0.9987974696544322,90.26,0.7809132968878856,0.08460578424611342
50,2,0.05,10,3,1388.1229351058623,1.013066935170889,2647.3850862330637,0.8734901976407545,0.2,0.15,11,0.4,0.6987795723504037,0.9917002696785508,100.2,0.8096186045704447,0.10801805659109039
